{"Assays":[
      {
        "name": "aC1inh",
        "robots": ["EVO28810", "EVO28211","EVO29402"],
        "robotArray": [1, 1, 0, 1, 0, 0, 0, 0, 0, 0, 0, 0],
        "aBname": "α-C1-esterase-inh",
        "ClisId": [788, 789],
        "limsId":  0
      },
      {
        "name": "C1inh",
        "robots": ["EVO28810", "EVO28211","EVO29402", "EVO100"],
        "robotArray": [1, 1, 1, 0, 0, 1, 0, 0, 0, 0, 0, 0],
        "aBname": "C1-esterase-inh",
        "ClisId": [689, 842, 896],
        "limsId":  0
      },
      {
        "name": "ABC",
        "robots": ["EVO31195", "EVO31201"],
        "robotArray": [1, 1, 1, 0, 0, 1, 0, 0, 0, 0, 0, 0],
        "aBname": "abatacept",
        "ClisId": [930],
        "limsId": 0
      },
      {
        "name": "ADL",
        "robots": ["EVO31195", "EVO31201","STAR2915","STAR3288","Vantage1317"],
        "robotArray": [0, 0, 0, 0, 0, 0, 1, 1, 1, 1, 1, 1],
        "aBname": "adalimumab",
        "ClisId": [683, 499],
        "limsId": 42
      },
      {
        "name": "AP50",
        "robots": ["EVO30504"],
        "robotArray": [0, 0, 0, 0, 1, 0, 0, 0, 0, 0, 0, 0],
        "aBname": "AP50",
        "ClisId": [113],
        "limsId":  0
      },
      {
        "name": "CH50",
        "robots": ["EVO30504"],
        "robotArray": [0, 0, 0, 0, 1, 0, 0, 0, 0, 0, 0, 0],
        "aBname": "CH50",
        "ClisId": [183],
        "limsId":  0
      },
      {
        "name": "BDL",
        "robots": ["EVO31195", "EVO31201"],
        "robotArray":[1, 1, 0, 1, 0, 0, 0, 0, 0, 0, 0, 0],
        "aBname": "brodalumab",
        "ClisId": ["NA"],
        "limsId": 0
      },      
      {
        "name": "BLM",
        "robots": ["EVO31195", "EVO31201"],
        "robotArray": [1, 1, 0, 1, 0, 0, 0, 0, 0, 0, 0, 0],
        "aBname": "belimumab",
        "ClisId": [682],
        "limsId": 0
      },
      {
        "name": "CZP",
        "robots": ["EVO28810", "EVO29402","EVO28211"],
        "robotArray": [1, 1, 0, 1, 0, 0, 0, 0, 0, 0, 0, 0],
        "aBname": "certolizumab",
        "ClisId": [949],
        "limsId":  0
      },
      {
        "name": "ETN",
        "robots": ["EVO31195", "EVO31201"],
        "robotArray": [1, 1, 1, 0, 0, 1, 0, 0, 0, 0, 0, 0],
        "aBname": "etanercept",
        "ClisId": [923],
        "limsId": 41
      },
      {
        "name": "IFX",
        "robots": ["EVO31195", "EVO31201","STAR2915","STAR3288","Vantage1317"],
        "robotArray": [0, 0, 0, 0, 0, 1, 1, 1, 1, 1, 1, 1],
        "aBname": "infliximab",
        "ClisId": [682],
        "limsId": 41
      },
      {
        "name": "GOL",
        "robots": ["EVO31195", "EVO31201"],
        "robotArray": [0, 0, 0, 0, 0, 0, 1, 1, 0, 0, 0, 0],
        "aBname": "golimumab",
        "ClisId": [922],
        "limsId":  0
      },
      {
        "name": "IgA",
        "robots": ["EVO28810", "EVO29402","EVO28211"],
        "robotArray": [1, 1, 0, 1, 0, 0, 0, 0, 0, 0, 0, 0],
        "aBname": "IgA",
        "ClisId": [670, 882],
        "limsId": 41
      },
      {
        "name": "MBL",
        "robots": ["EVO28810", "EVO29402","EVO28211"],
        "robotArray": [1, 1, 0, 1, 0, 0, 0, 0, 0, 0, 0, 0],
        "aBname": "mannaan bindend lectine",
        "ClisId": [675],
        "limsId":  0
      },
      {
        "name": "MPZ",
        "robots": ["EVO31195", "EVO31201"],
        "robotArray": [0, 0, 0, 0, 0, 0, 1, 1, 0, 0, 0, 0],
        "aBname": "mepolizumab",
        "ClisId": ["NA"],
        "limsId":  0
      },
      {
        "name": "NIV",
        "robots": ["EVO28810", "EVO29402","EVO28211"],
        "robotArray": [1, 1, 0, 1, 0, 0, 0, 0, 0, 0, 0, 0],
        "aBname": "nivolumab",
        "ClisId": ["397"],
        "limsId":  0
      },
      {
        "name": "NTZ",
        "robots": ["EVO31195", "EVO31201"],
        "robotArray": [0, 0, 0, 0, 0, 0, 1, 1, 0, 0, 0, 0],
        "aBname": "natalizumab",
        "ClisId": ["929"],
        "limsId":  0
      },
      {
        "name": "OMZ",
        "robots": ["EVO28810", "EVO29402","EVO28211"],
        "robotArray": [0, 0, 0, 0, 0, 0, 1, 1, 0, 0, 0, 0],
        "aBname": "omalizumab",
        "ClisId": ["827"],
        "limsId":  0
      },
      {
        "name": "PBL",
        "robots": ["EVO31195", "EVO31201"],
        "robotArray": [1, 1, 0, 1, 0, 0, 0, 0, 0, 0, 0, 0],
        "aBname": "pembrolizumab",
        "ClisId": ["NA"],
        "limsId":  0
      },
      {
        "name": "PLV",
        "robots": ["EVO23889", "EVO28810", "EVO29402","EVO28211", "Vantage1317"],
        "robotArray": [0, 0, 1, 1, 0, 0, 0, 0, 0, 0, 0, 1],
        "aBname": "paluvizumab",
        "ClisId": ["NA"],
        "limsId":  0
      },
      {
        "name": "RTX",
        "robots": ["EVO31195", "EVO31201"],
        "robotArray": [1, 1, 1, 0, 0, 1, 0, 0, 0, 0, 0, 0],
        "aBname": "rituximab",
        "ClisId": ["697"],
        "limsId":  0
      },
      {
        "name": "Tetanus",
        "robots": ["Starlet5617","STAR2915","STAR3288"],
        "robotArray": [0, 0, 0, 0, 0, 0, 0, 0, 1, 1, 1, 0],
        "aBname": "tetanus",
        "ClisId": ["927"],
        "limsId":  0
      },
      {
        "name": "TCZ",
        "robots": ["EVO31195", "EVO31201"],
        "robotArray": [0, 0, 0, 0, 0, 0, 1, 1, 0, 0, 0, 0],
        "aBname": "tocilizumab",
        "ClisId": ["927"],
        "limsId":  0
      },
      {
        "name": "TRZ",
        "robots": ["EVO31195", "EVO31201"],
        "robotArray": [0, 0, 0, 0, 0, 0, 1, 1, 0, 0, 0, 0],
        "aBname": "trastuzumab",
        "ClisId": ["800"],
        "limsId":  0
      },
      {
        "name": "USK",
        "robots": ["EVO31195", "EVO31201"],
        "robotArray": [1, 1, 0, 1, 0, 0, 0, 0, 0, 0, 0, 0],
        "aBname": "ustekinumab",
        "ClisId": ["899"],
        "limsId":  0
      },
      {
        "name": "VDZ",
        "robots": ["EVO31195", "EVO31201"],
        "robotArray": [1, 1, 1, 0, 0, 1, 0, 0, 0, 0, 0, 0],
        "aBname": "vedolizumab",
        "ClisId": ["488"],
        "limsId":  0
      }
    ]
  }

  
