{"Robots":[
      {
        "brand": "Tecan",
        "name": "EVO100",
        "location": "I-109",
        "serial" : "1503007389",
        "sqn_nr": "040934",
        "IP" : "N/A",
        "maint_month_1" : "April",
        "maint_month_2" : "October"
      },
      {
        "brand": "Tecan",
        "name": "EVO23889",
        "location": "I-109",
        "serial" : "608000016",
        "sqn_nr": "23889",
        "IP" : "172.16.11.137",
        "maint_month_1" : "April",
        "maint_month_2" : "October"
      },
      {
        "brand": "Tecan",
        "name": "EVO28211",
        "location": "I-122",
        "serial" : "804004117",
        "sqn_nr": "28211",
        "IP" : "172.16.11.139",
        "maint_month_1" : "October",
        "maint_month_2" : "April"
      },
      {
        "brand": "Tecan",
        "name": "EVO28810",
        "location": "U-107",
        "serial" : "902000798",
        "sqn_nr": "28110",
        "IP" : "172.16.11.138",
        "maint_month_1" : "September",
        "maint_month_2" : "March"
      },
      {
        "brand": "Tecan",
        "name": "EVO29402",
        "location": "I-122",
        "serial" : "908006590",
        "sqn_nr": "29402",
        "IP" : "172.16.11.142",
        "maint_month_1" : "October",
        "maint_month_2" : "April"
      },
      {
        "brand": "Tecan",
        "name": "EVO30504",
        "location": "I-109",
        "serial" : "1006001337",
        "sqn_nr": "30504",
        "IP" : "172.16.11.133",
        "maint_month_1" : "May",
        "maint_month_2" : "November"
      },
      {
        "brand": "Tecan",
        "name": "EVO Blue",
        "location": "U-107",
        "serial" : "1107006450",
        "sqn_nr": "31201",
        "IP" : "172.16.7.58",
        "maint_month_1" : "January",
        "maint_month_2" : "July"
      },
      {
        "brand": "Tecan",
        "name": "EVO Green",
        "location": "U-107",
        "serial" : "1107006440",
        "sqn_nr": "31195",
        "IP" : "172.16.11.155",
        "maint_month_1" : "January",
        "maint_month_2" : "July"
      },
      {
        "brand": "Hamilton",
        "name": "Starlet5617",
        "location": "U-107",
        "serial" : "5617",
        "sqn_nr": "",
        "IP" : "172.16.11.191",
        "maint_month_1" : "Februari",
        "maint_month_2" : "August"
      },
      {
        "brand": "Hamilton",
        "name": "STAR3288",
        "location": "I-109",
        "serial" : "3288",
        "sqn_nr": "29192",
        "IP" : "172.16.26.15",
        "maint_month_1" : "Februari",
        "maint_month_2" : "August"
      },
      {
        "brand": "Hamilton",
        "name": "STAR2915",
        "location": "U-107",
        "serial" : "2915",
        "sqn_nr": "28542",
        "IP" : "172.16.23.138",
        "maint_month_1" : "Februari",
        "maint_month_2" : "August"
      },
      {
        "brand": "Hamilton",
        "name": "Vantage1317",
        "location": "U-107",
        "serial" : "1317",
        "sqn_nr": "45310",
        "IP" : "172.16.27.16",
        "maint_month_1" : "Februari",
        "maint_month_2" : "August"
      }
    ]
  }


  