{"Robots":[
      {
        "name": "EVO100",
        "location": "I-109",
        "brand": "Tecan",
        "serial" : "1503007389",
        "sqn_nr": "040934",
        "IP" : "172.16.11.137",
        "maint_month" : "5",
        "washer" : "0",
        "reader" : "0"
      },
      {
        "name": "EVO23889",
        "location": "I-109",
        "brand": "Tecan",
        "serial" : "608000016",
        "sqn_nr": "23889",
        "IP" : "",
        "maint_month" : "5",
        "washer" : "1112003263",
        "reader" : "907005759"
      },
      {
        "name": "EVO28211",
        "location": "I-122",
        "brand": "Tecan",
        "serial" : "804004117",
        "sqn_nr": "28211",
        "IP" : "172.16.11.139",
        "maint_month" : "11",
        "washer" : "908001415",
        "reader" : "804002085"
      },
      {
        "name": "EVO28810",
        "location": "U-107",
        "brand": "Tecan",
        "serial" : "902000798",
        "sqn_nr": "28110",
        "IP" : "172.16.11.138",
        "maint_month" : "10",
        "washer" : "1112003264",
        "reader" : "907005760"
      },
      {
        "name": "EVO29402",
        "location": "I-122",
        "brand": "Tecan",
        "serial" : "908006590",
        "sqn_nr": "29402",
        "IP" : "172.16.11.142",
        "maint_month" : "11",
        "washer" : "909003431",
        "reader" : "1006001732"
      },
      {
        "name": "EVO30504",
        "location": "I-109",
        "brand": "Tecan",
        "serial" : "1006001337",
        "sqn_nr": "30504",
        "IP" : "172.16.11.133",
        "maint_month" : "6",
        "washer" : "1006003781",
        "reader" : "909004079"
      },
      {
        "name": "EVO Blue",
        "location": "U-107",
        "brand": "Tecan",
        "serial" : "1107006450",
        "sqn_nr": "31201",
        "IP" : "172.16.7.58",
        "maint_month" : "1",
        "washer" : "1107005637",
        "reader" : "1107003903"
      },
      {
        "name": "EVO Green",
        "location": "U-107",
        "brand": "Tecan",
        "serial" : "1107006440",
        "sqn_nr": "31195",
        "IP" : "172.16.11.155",
        "maint_month" : "1",
        "washer" : "1107005638",
        "reader" : "1107003904"
      },
      {
        "name": "Starlet5617",
        "location": "",
        "brand": "Hamilton",
        "serial" : "5617",
        "sqn_nr": "",
        "IP" : "172.16.11.191",
        "maint_month" : "2",
        "washer" : "0",
        "reader" : "0"
      },
      {
        "name": "STAR3288",
        "location": "I-109",
        "brand": "Hamilton",
        "serial" : "3288",
        "sqn_nr": "29192",
        "IP" : "172.16.26.15",
        "maint_month" : "2",
        "washer" : "0",
        "reader" : "0"
      },
      {
        "name": "STAR2915",
        "location": "U-107",
        "brand": "Hamilton",
        "serial" : "2915",
        "sqn_nr": "28542",
        "IP" : "172.16.23.138",
        "maint_month" : "2",
        "washer" : "0",
        "reader" : "0"
      },
      {
        "name": "Hamilton Vantage",
        "location": "U-107",
        "brand": "Hamilton",
        "serial" : "1317",
        "sqn_nr": "45310",
        "IP" : "172.16.27.16",
        "maint_month" : "2",
        "washer" : "0",
        "reader" : "0"
      }
    ]
  }


  